stage,primary_policy,precision,recall,f1,accuracy,auc_roc,auc_pr,inference_time_ms,train_normal,train_anomaly,test_normal,test_anomaly
S0,adpretrain_eval_best_f1,0.5254237288135594,0.5166666666666667,0.5210084033613446,0.715,0.6830952380952381,0.5245641198190809,9.692439883947372,50,0,140,60
S1,adpretrain_eval_best_f1,0.6724137931034483,0.65,0.6610169491525424,0.8,0.7846428571428571,0.6955817258016674,6.376757025718689,100,1,140,60
S2,adpretrain_eval_best_f1,0.84,0.7,0.7636363636363636,0.87,0.8735714285714287,0.7732258972889445,5.960779090722402,150,3,140,60
S3,adpretrain_eval_best_f1,0.8703703703703703,0.7833333333333333,0.8245614035087719,0.9,0.9194047619047618,0.8270051519547398,6.397472719351451,200,5,140,60
S4,adpretrain_eval_best_f1,0.7878787878787878,0.8666666666666667,0.8253968253968254,0.89,0.9278571428571429,0.8727323051977206,6.509963572025299,300,10,140,60
S5,adpretrain_eval_best_f1,0.8679245283018868,0.7666666666666667,0.8141592920353983,0.895,0.8940476190476191,0.8470538586285579,4.682098031044006,400,20,140,60
S6,adpretrain_eval_best_f1,0.8823529411764706,0.75,0.8108108108108107,0.895,0.9279761904761904,0.8701558818446063,7.872560073932012,500,40,140,60
S7,adpretrain_eval_best_f1,0.8392857142857143,0.7833333333333333,0.8103448275862069,0.89,0.9186904761904762,0.8624514009815996,6.034030572821696,560,80,140,60
S8,adpretrain_eval_best_f1,0.8135593220338984,0.8,0.8067226890756303,0.885,0.9223809523809524,0.8654155627371726,6.757171203692754,560,139,140,60
