{
  "stage": "S7",
  "status": "ok",
  "method": "AHL plain no-CHMM + ADPretrain official CLIP-B16 features",
  "primary_policy": "strategy_stage_adaptive",
  "primary": {
    "threshold": 0.36215329449623823,
    "accuracy": 0.8926829268292683,
    "precision": 0.9239130434782609,
    "recall": 0.85,
    "f1": 0.8854166666666666,
    "tp": 85,
    "fp": 7,
    "tn": 98,
    "fn": 15
  },
  "threshold_results": {
    "production_normal_p95_0": {
      "calibration": {
        "threshold": 0.3655736811459064,
        "accuracy": 0.9274193548387096,
        "precision": 0.7272727272727273,
        "recall": 0.8421052631578947,
        "f1": 0.7804878048780488,
        "tp": 16,
        "fp": 6,
        "tn": 99,
        "fn": 3,
        "policy_family": "production_normal_percentile",
        "normal_percentile": 95.0,
        "expected_validation_fpr": 0.05
      },
      "test": {
        "threshold": 0.3655736811459064,
        "accuracy": 0.8926829268292683,
        "precision": 0.9239130434782609,
        "recall": 0.85,
        "f1": 0.8854166666666666,
        "tp": 85,
        "fp": 7,
        "tn": 98,
        "fn": 15
      }
    },
    "val_normal_p95_0": {
      "calibration": {
        "threshold": 0.3655736811459064,
        "accuracy": 0.9274193548387096,
        "precision": 0.7272727272727273,
        "recall": 0.8421052631578947,
        "f1": 0.7804878048780488,
        "tp": 16,
        "fp": 6,
        "tn": 99,
        "fn": 3,
        "policy_family": "production_normal_percentile",
        "normal_percentile": 95.0,
        "expected_validation_fpr": 0.05
      },
      "test": {
        "threshold": 0.3655736811459064,
        "accuracy": 0.8926829268292683,
        "precision": 0.9239130434782609,
        "recall": 0.85,
        "f1": 0.8854166666666666,
        "tp": 85,
        "fp": 7,
        "tn": 98,
        "fn": 15
      }
    },
    "production_normal_p97_5": {
      "calibration": {
        "threshold": 0.3980126913636921,
        "accuracy": 0.9274193548387096,
        "precision": 0.8125,
        "recall": 0.6842105263157895,
        "f1": 0.742857142857143,
        "tp": 13,
        "fp": 3,
        "tn": 102,
        "fn": 6,
        "policy_family": "production_normal_percentile",
        "normal_percentile": 97.5,
        "expected_validation_fpr": 0.025
      },
      "test": {
        "threshold": 0.3980126913636921,
        "accuracy": 0.8390243902439024,
        "precision": 0.935064935064935,
        "recall": 0.72,
        "f1": 0.8135593220338982,
        "tp": 72,
        "fp": 5,
        "tn": 100,
        "fn": 28
      }
    },
    "val_normal_p97_5": {
      "calibration": {
        "threshold": 0.3980126913636921,
        "accuracy": 0.9274193548387096,
        "precision": 0.8125,
        "recall": 0.6842105263157895,
        "f1": 0.742857142857143,
        "tp": 13,
        "fp": 3,
        "tn": 102,
        "fn": 6,
        "policy_family": "production_normal_percentile",
        "normal_percentile": 97.5,
        "expected_validation_fpr": 0.025
      },
      "test": {
        "threshold": 0.3980126913636921,
        "accuracy": 0.8390243902439024,
        "precision": 0.935064935064935,
        "recall": 0.72,
        "f1": 0.8135593220338982,
        "tp": 72,
        "fp": 5,
        "tn": 100,
        "fn": 28
      }
    },
    "production_normal_p99_0": {
      "calibration": {
        "threshold": 0.4153188188001513,
        "accuracy": 0.9354838709677419,
        "precision": 0.8666666666666667,
        "recall": 0.6842105263157895,
        "f1": 0.7647058823529413,
        "tp": 13,
        "fp": 2,
        "tn": 103,
        "fn": 6,
        "policy_family": "production_normal_percentile",
        "normal_percentile": 99.0,
        "expected_validation_fpr": 0.01
      },
      "test": {
        "threshold": 0.4153188188001513,
        "accuracy": 0.824390243902439,
        "precision": 0.9324324324324325,
        "recall": 0.69,
        "f1": 0.793103448275862,
        "tp": 69,
        "fp": 5,
        "tn": 100,
        "fn": 31
      }
    },
    "val_normal_p99_0": {
      "calibration": {
        "threshold": 0.4153188188001513,
        "accuracy": 0.9354838709677419,
        "precision": 0.8666666666666667,
        "recall": 0.6842105263157895,
        "f1": 0.7647058823529413,
        "tp": 13,
        "fp": 2,
        "tn": 103,
        "fn": 6,
        "policy_family": "production_normal_percentile",
        "normal_percentile": 99.0,
        "expected_validation_fpr": 0.01
      },
      "test": {
        "threshold": 0.4153188188001513,
        "accuracy": 0.824390243902439,
        "precision": 0.9324324324324325,
        "recall": 0.69,
        "f1": 0.793103448275862,
        "tp": 69,
        "fp": 5,
        "tn": 100,
        "fn": 31
      }
    },
    "strategy_recall_first_r95": {
      "calibration": {
        "threshold": 0.2675720304250717,
        "accuracy": 0.1532258064516129,
        "precision": 0.1532258064516129,
        "recall": 1.0,
        "f1": 0.26573426573426573,
        "tp": 19,
        "fp": 105,
        "tn": 0,
        "fn": 0,
        "policy_family": "strategy_recall_first",
        "recall_floor": 0.95,
        "selection_rule": "min_threshold_with_recall_floor"
      },
      "test": {
        "threshold": 0.2675720304250717,
        "accuracy": 0.4878048780487805,
        "precision": 0.4878048780487805,
        "recall": 1.0,
        "f1": 0.6557377049180327,
        "tp": 100,
        "fp": 105,
        "tn": 0,
        "fn": 0
      }
    },
    "strategy_recall_first_r90": {
      "calibration": {
        "threshold": 0.2675720304250717,
        "accuracy": 0.1532258064516129,
        "precision": 0.1532258064516129,
        "recall": 1.0,
        "f1": 0.26573426573426573,
        "tp": 19,
        "fp": 105,
        "tn": 0,
        "fn": 0,
        "policy_family": "strategy_recall_first",
        "recall_floor": 0.9,
        "selection_rule": "min_threshold_with_recall_floor"
      },
      "test": {
        "threshold": 0.2675720304250717,
        "accuracy": 0.4878048780487805,
        "precision": 0.4878048780487805,
        "recall": 1.0,
        "f1": 0.6557377049180327,
        "tp": 100,
        "fp": 105,
        "tn": 0,
        "fn": 0
      }
    },
    "strategy_balanced_f1": {
      "calibration": {
        "threshold": 0.36215329449623823,
        "accuracy": 0.9354838709677419,
        "precision": 0.7391304347826086,
        "recall": 0.8947368421052632,
        "f1": 0.8095238095238095,
        "tp": 17,
        "fp": 6,
        "tn": 99,
        "fn": 2,
        "source_precision_recall_curve_f1": 0.809523809523314,
        "policy_family": "strategy_balanced",
        "selection_rule": "validation_best_f1"
      },
      "test": {
        "threshold": 0.36215329449623823,
        "accuracy": 0.8926829268292683,
        "precision": 0.9239130434782609,
        "recall": 0.85,
        "f1": 0.8854166666666666,
        "tp": 85,
        "fp": 7,
        "tn": 98,
        "fn": 15
      }
    },
    "strategy_stage_adaptive": {
      "calibration": {
        "threshold": 0.36215329449623823,
        "accuracy": 0.9354838709677419,
        "precision": 0.7391304347826086,
        "recall": 0.8947368421052632,
        "f1": 0.8095238095238095,
        "tp": 17,
        "fp": 6,
        "tn": 99,
        "fn": 2,
        "source_precision_recall_curve_f1": 0.809523809523314,
        "policy_family": "strategy_stage_adaptive",
        "selection_rule": "validation_best_f1",
        "source_policy": "strategy_balanced_f1",
        "stage": "S7"
      },
      "test": {
        "threshold": 0.36215329449623823,
        "accuracy": 0.8926829268292683,
        "precision": 0.9239130434782609,
        "recall": 0.85,
        "f1": 0.8854166666666666,
        "tp": 85,
        "fp": 7,
        "tn": 98,
        "fn": 15
      }
    },
    "val_best_f1": {
      "calibration": {
        "threshold": 0.36215329449623823,