{
  "stage": "S0",
  "status": "ok",
  "primary_policy": "normal_p97_5",
  "primary": {
    "threshold": 0.06738492548465755,
    "accuracy": 0.755,
    "precision": 0.8666666666666667,
    "recall": 0.21666666666666667,
    "f1": 0.3466666666666666
  },
  "auc_roc": 0.7888095238095238,
  "auc_pr": 0.6907361698389399,
  "test_counts": {
    "normal": 140,
    "anomaly": 60
  },
  "calibration_counts": {
    "normal": 10,
    "anomaly": 0
  },
  "threshold_definitions": {
    "normal_p95_0": {
      "source": "calibration_normal_percentile",
      "percentile": 95.0,
      "calibration_metrics": null,
      "threshold": -0.10080940127372823
    },
    "normal_p97_5": {
      "source": "calibration_normal_percentile",
      "percentile": 97.5,
      "calibration_metrics": null,
      "threshold": 0.06738492548465755
    },
    "normal_p99_0": {
      "source": "calibration_normal_percentile",
      "percentile": 99.0,
      "calibration_metrics": null,
      "threshold": 0.16830152153968822
    }
  },
  "threshold_results": {
    "normal_p95_0": {
      "threshold": -0.10080940127372823,
      "accuracy": 0.78,
      "precision": 0.8636363636363636,
      "recall": 0.31666666666666665,
      "f1": 0.46341463414634154
    },
    "normal_p97_5": {
      "threshold": 0.06738492548465755,
      "accuracy": 0.755,
      "precision": 0.8666666666666667,
      "recall": 0.21666666666666667,
      "f1": 0.3466666666666666
    },
    "normal_p99_0": {
      "threshold": 0.16830152153968822,
      "accuracy": 0.73,
      "precision": 0.875,
      "recall": 0.11666666666666667,
      "f1": 0.20588235294117646
    }
  },
  "inference_time_ms": 9.640090415875116,
  "inference_time_note": "feature-level AHL forward time; excludes CLIP extraction, CHMM affine, and disk I/O",
  "score_file": "/ghome/huangjd/code/detected/adpretrain_bridge/output/qm_xiepai_fewshot_clip_b16_chmm_20260511/stages/S0/metrics/scores.csv",
  "result_file": "/ghome/huangjd/code/detected/adpretrain_bridge/output/qm_xiepai_fewshot_clip_b16_chmm_20260511/stages/S0/ahl_retry4/result.txt",
  "ahl_subdir": "ahl_retry4",
  "manifest_file": "/ghome/huangjd/code/detected/adpretrain_bridge/output/qm_xiepai_fewshot_clip_b16_chmm_20260511/config/S0_stage_manifest.json"
}
