stage,primary_policy,precision,recall,f1,accuracy,auc_roc,auc_pr,inference_time_ms,train_normal,train_anomaly,test_normal,test_anomaly
S0,adpretrain_eval_best_f1,0.3,1.0,0.4615384615384615,0.3,0.28309523809523807,0.2227010137495618,5.9078216552734375,50,0,140,60
S2,adpretrain_eval_best_f1,0.8269230769230769,0.7166666666666667,0.7678571428571429,0.87,0.8948809523809523,0.7928059591786363,4.038801789283752,150,3,140,60
S4,adpretrain_eval_best_f1,0.8245614035087719,0.7833333333333333,0.8034188034188033,0.885,0.8990476190476191,0.812390550904013,6.6404105226198835,300,10,140,60
S6,adpretrain_eval_best_f1,0.88,0.7333333333333333,0.8,0.89,0.9044047619047619,0.8256845868434382,5.887015362580617,500,40,140,60
S8,adpretrain_eval_best_f1,0.819672131147541,0.8333333333333334,0.8264462809917356,0.895,0.9149999999999999,0.8337806714979044,5.838151375452678,560,139,140,60
