{
  "stage": "S2",
  "status": "ok",
  "method": "AHL plain no-CHMM + ADPretrain official CLIP-B16 features",
  "primary_policy": "strategy_stage_adaptive",
  "primary": {
    "threshold": 0.11606089025735855,
    "accuracy": 0.4878048780487805,
    "precision": 0.4878048780487805,
    "recall": 1.0,
    "f1": 0.6557377049180327,
    "tp": 100,
    "fp": 105,
    "tn": 0,
    "fn": 0
  },
  "threshold_results": {
    "production_normal_p95_0": {
      "calibration": {
        "threshold": 0.32247573137283325,
        "accuracy": 0.9274193548387096,
        "precision": 0.7272727272727273,
        "recall": 0.8421052631578947,
        "f1": 0.7804878048780488,
        "tp": 16,
        "fp": 6,
        "tn": 99,
        "fn": 3,
        "policy_family": "production_normal_percentile",
        "normal_percentile": 95.0,
        "expected_validation_fpr": 0.05
      },
      "test": {
        "threshold": 0.32247573137283325,
        "accuracy": 0.8682926829268293,
        "precision": 0.9195402298850575,
        "recall": 0.8,
        "f1": 0.8556149732620321,
        "tp": 80,
        "fp": 7,
        "tn": 98,
        "fn": 20
      }
    },
    "val_normal_p95_0": {
      "calibration": {
        "threshold": 0.32247573137283325,
        "accuracy": 0.9274193548387096,
        "precision": 0.7272727272727273,
        "recall": 0.8421052631578947,
        "f1": 0.7804878048780488,
        "tp": 16,
        "fp": 6,
        "tn": 99,
        "fn": 3,
        "policy_family": "production_normal_percentile",
        "normal_percentile": 95.0,
        "expected_validation_fpr": 0.05
      },
      "test": {
        "threshold": 0.32247573137283325,
        "accuracy": 0.8682926829268293,
        "precision": 0.9195402298850575,
        "recall": 0.8,
        "f1": 0.8556149732620321,
        "tp": 80,
        "fp": 7,
        "tn": 98,
        "fn": 20
      }
    },
    "production_normal_p97_5": {
      "calibration": {
        "threshold": 0.3654878355562686,
        "accuracy": 0.9354838709677419,
        "precision": 0.8235294117647058,
        "recall": 0.7368421052631579,
        "f1": 0.7777777777777778,
        "tp": 14,
        "fp": 3,
        "tn": 102,
        "fn": 5,
        "policy_family": "production_normal_percentile",
        "normal_percentile": 97.5,
        "expected_validation_fpr": 0.025
      },
      "test": {
        "threshold": 0.3654878355562686,
        "accuracy": 0.8341463414634146,
        "precision": 0.9342105263157895,
        "recall": 0.71,
        "f1": 0.8068181818181819,
        "tp": 71,
        "fp": 5,
        "tn": 100,
        "fn": 29
      }
    },
    "val_normal_p97_5": {
      "calibration": {
        "threshold": 0.3654878355562686,
        "accuracy": 0.9354838709677419,
        "precision": 0.8235294117647058,
        "recall": 0.7368421052631579,
        "f1": 0.7777777777777778,
        "tp": 14,
        "fp": 3,
        "tn": 102,
        "fn": 5,
        "policy_family": "production_normal_percentile",
        "normal_percentile": 97.5,
        "expected_validation_fpr": 0.025
      },
      "test": {
        "threshold": 0.3654878355562686,
        "accuracy": 0.8341463414634146,
        "precision": 0.9342105263157895,
        "recall": 0.71,
        "f1": 0.8068181818181819,
        "tp": 71,
        "fp": 5,
        "tn": 100,
        "fn": 29
      }
    },
    "production_normal_p99_0": {
      "calibration": {
        "threshold": 0.3794354489445686,
        "accuracy": 0.9354838709677419,
        "precision": 0.8666666666666667,
        "recall": 0.6842105263157895,
        "f1": 0.7647058823529413,
        "tp": 13,
        "fp": 2,
        "tn": 103,
        "fn": 6,
        "policy_family": "production_normal_percentile",
        "normal_percentile": 99.0,
        "expected_validation_fpr": 0.01
      },
      "test": {
        "threshold": 0.3794354489445686,
        "accuracy": 0.824390243902439,
        "precision": 0.9444444444444444,
        "recall": 0.68,
        "f1": 0.7906976744186047,
        "tp": 68,
        "fp": 4,
        "tn": 101,
        "fn": 32
      }
    },
    "val_normal_p99_0": {
      "calibration": {
        "threshold": 0.3794354489445686,
        "accuracy": 0.9354838709677419,
        "precision": 0.8666666666666667,
        "recall": 0.6842105263157895,
        "f1": 0.7647058823529413,
        "tp": 13,
        "fp": 2,
        "tn": 103,
        "fn": 6,
        "policy_family": "production_normal_percentile",
        "normal_percentile": 99.0,
        "expected_validation_fpr": 0.01
      },
      "test": {
        "threshold": 0.3794354489445686,
        "accuracy": 0.824390243902439,
        "precision": 0.9444444444444444,
        "recall": 0.68,
        "f1": 0.7906976744186047,
        "tp": 68,
        "fp": 4,
        "tn": 101,
        "fn": 32
      }
    },
    "strategy_recall_first_r95": {
      "calibration": {
        "threshold": 0.11606089025735855,
        "accuracy": 0.1532258064516129,
        "precision": 0.1532258064516129,
        "recall": 1.0,
        "f1": 0.26573426573426573,
        "tp": 19,
        "fp": 105,
        "tn": 0,
        "fn": 0,
        "policy_family": "strategy_recall_first",
        "recall_floor": 0.95,
        "selection_rule": "min_threshold_with_recall_floor"
      },
      "test": {
        "threshold": 0.11606089025735855,
        "accuracy": 0.4878048780487805,
        "precision": 0.4878048780487805,
        "recall": 1.0,
        "f1": 0.6557377049180327,
        "tp": 100,
        "fp": 105,
        "tn": 0,
        "fn": 0
      }
    },
    "strategy_recall_first_r90": {
      "calibration": {
        "threshold": 0.11606089025735855,
        "accuracy": 0.1532258064516129,
        "precision": 0.1532258064516129,
        "recall": 1.0,
        "f1": 0.26573426573426573,
        "tp": 19,
        "fp": 105,
        "tn": 0,
        "fn": 0,
        "policy_family": "strategy_recall_first",
        "recall_floor": 0.9,
        "selection_rule": "min_threshold_with_recall_floor"
      },
      "test": {
        "threshold": 0.11606089025735855,
        "accuracy": 0.4878048780487805,
        "precision": 0.4878048780487805,
        "recall": 1.0,
        "f1": 0.6557377049180327,
        "tp": 100,
        "fp": 105,
        "tn": 0,
        "fn": 0
      }
    },
    "strategy_balanced_f1": {
      "calibration": {
        "threshold": 0.33772698044776917,
        "accuracy": 0.9435483870967742,
        "precision": 0.8,
        "recall": 0.8421052631578947,
        "f1": 0.8205128205128205,
        "tp": 16,
        "fp": 4,
        "tn": 101,
        "fn": 3,
        "source_precision_recall_curve_f1": 0.8205128205123208,
        "policy_family": "strategy_balanced",
        "selection_rule": "validation_best_f1"
      },
      "test": {
        "threshold": 0.33772698044776917,
        "accuracy": 0.8731707317073171,
        "precision": 0.9302325581395349,
        "recall": 0.8,
        "f1": 0.8602150537634408,
        "tp": 80,
        "fp": 6,
        "tn": 99,
        "fn": 20
      }
    },
    "strategy_stage_adaptive": {
      "calibration": {
        "threshold": 0.11606089025735855,
        "accuracy": 0.1532258064516129,
        "precision": 0.1532258064516129,
        "recall": 1.0,
        "f1": 0.26573426573426573,
        "tp": 19,
        "fp": 105,
        "tn": 0,
        "fn": 0,
        "policy_family": "strategy_stage_adaptive",
        "recall_floor": 0.95,
        "selection_rule": "min_threshold_with_recall_floor",
        "source_policy": "strategy_recall_first_r95",
        "stage": "S2"
      },
      "test": {
        "threshold": 0.11606089025735855,
        "accuracy": 0.4878048780487805,
        "precision": 0.4878048780487805,
        "recall": 1.0,
        "f1": 0.6557377049180327,
        "tp": 100,
        "fp": 105,
        "tn": 0,
        "fn": 0
      }
    },
    "val_best_f1": {
      "calibration": {
        "threshold": 0.33772698044776917,