{
  "stage": "S4",
  "status": "ok",
  "primary_policy": "calib_best_f1",
  "primary": {
    "threshold": 0.41671632235545614,
    "accuracy": 0.86,
    "precision": 0.7222222222222222,
    "recall": 0.8666666666666667,
    "f1": 0.7878787878787877
  },
  "auc_roc": 0.9345238095238095,
  "auc_pr": 0.8534256566758364,
  "test_counts": {
    "normal": 140,
    "anomaly": 60
  },
  "calibration_counts": {
    "normal": 60,
    "anomaly": 2
  },
  "threshold_definitions": {
    "normal_p95_0": {
      "source": "calibration_normal_percentile",
      "percentile": 95.0,
      "calibration_metrics": null,
      "threshold": 0.4599036395549774
    },
    "normal_p97_5": {
      "source": "calibration_normal_percentile",
      "percentile": 97.5,
      "calibration_metrics": null,
      "threshold": 0.5169910684227942
    },
    "normal_p99_0": {
      "source": "calibration_normal_percentile",
      "percentile": 99.0,
      "calibration_metrics": null,
      "threshold": 0.7810960942506772
    },
    "calib_best_f1": {
      "source": "calibration_best_search",
      "calibration_metrics": {
        "threshold": 0.41671632235545614,
        "accuracy": 0.8870967741935484,
        "precision": 0.2222222222222222,
        "recall": 1.0,
        "f1": 0.3636363636363636
      },
      "threshold": 0.41671632235545614
    },
    "calib_recall_priority": {
      "source": "calibration_best_search",
      "calibration_metrics": {
        "threshold": 0.41671632235545614,
        "accuracy": 0.8870967741935484,
        "precision": 0.2222222222222222,
        "recall": 1.0,
        "f1": 0.3636363636363636
      },
      "threshold": 0.41671632235545614
    },
    "calib_precision_priority": {
      "source": "calibration_best_search",
      "calibration_metrics": {
        "threshold": 0.4282536506652832,
        "accuracy": 0.8870967741935484,
        "precision": 0.2222222222222222,
        "recall": 1.0,
        "f1": 0.3636363636363636
      },
      "threshold": 0.4282536506652832
    }
  },
  "threshold_results": {
    "normal_p95_0": {
      "threshold": 0.4599036395549774,
      "accuracy": 0.885,
      "precision": 0.7846153846153846,
      "recall": 0.85,
      "f1": 0.816
    },
    "normal_p97_5": {
      "threshold": 0.5169910684227942,
      "accuracy": 0.905,
      "precision": 0.8596491228070176,
      "recall": 0.8166666666666667,
      "f1": 0.8376068376068376
    },
    "normal_p99_0": {
      "threshold": 0.7810960942506772,
      "accuracy": 0.855,
      "precision": 0.8974358974358975,
      "recall": 0.5833333333333334,
      "f1": 0.7070707070707071
    },
    "calib_best_f1": {
      "threshold": 0.41671632235545614,
      "accuracy": 0.86,
      "precision": 0.7222222222222222,
      "recall": 0.8666666666666667,
      "f1": 0.7878787878787877
    },
    "calib_recall_priority": {
      "threshold": 0.41671632235545614,
      "accuracy": 0.86,
      "precision": 0.7222222222222222,
      "recall": 0.8666666666666667,
      "f1": 0.7878787878787877
    },
    "calib_precision_priority": {
      "threshold": 0.4282536506652832,
      "accuracy": 0.865,
      "precision": 0.7323943661971831,
      "recall": 0.8666666666666667,
      "f1": 0.7938931297709925
    }
  },
  "inference_time_ms": 10.342417309681574,
  "inference_time_note": "feature-level AHL forward time; excludes CLIP extraction, CHMM affine, and disk I/O",
  "score_file": "/ghome/huangjd/code/detected/adpretrain_bridge/output/qm_xiepai_fewshot_clip_b16_chmm_20260511/stages/S4/metrics/scores.csv",
  "result_file": "/ghome/huangjd/code/detected/adpretrain_bridge/output/qm_xiepai_fewshot_clip_b16_chmm_20260511/stages/S4/ahl/result.txt",
  "ahl_subdir": "ahl",
  "manifest_file": "/ghome/huangjd/code/detected/adpretrain_bridge/output/qm_xiepai_fewshot_clip_b16_chmm_20260511/config/S4_stage_manifest.json"
}
