method,stage,online_f1,v2_f1,f1_diff,online_recall,v2_recall,recall_diff,online_auc_pr,v2_auc_pr,auc_pr_diff,drift_flag
ADP-only-DINO,S7,0.9473684210526316,0.8428571428571429,0.10451127819548878,0.9,0.8428571428571429,0.05714285714285716,0.9976190476190476,0.9150818859353809,0.08253716168366676,1
AHL-DINO,S7,0.9,0.7899159663865546,0.11008403361344543,0.9,0.6714285714285714,0.22857142857142865,0.9816600790513833,0.9117651201420736,0.06989495890930975,1
ADP-AHL-bridge-v2,S7,0.9473684210526316,0.8676470588235294,0.0797213622291022,0.9,0.8428571428571429,0.05714285714285716,0.9906926406926406,0.942827778834465,0.04786486185817562,1
ADP-only-DINO,S8,0.9473684210526316,0.8428571428571429,0.10451127819548878,0.9,0.8428571428571429,0.05714285714285716,0.9976190476190476,0.9150818859353809,0.08253716168366676,1
AHL-DINO,S8,1.0,0.823529411764706,0.17647058823529405,1.0,0.8,0.19999999999999996,1.0,0.8881426079716889,0.11185739202831113,1
ADP-AHL-bridge-v2,S8,0.9473684210526316,0.8592592592592593,0.08810916179337236,0.9,0.8285714285714286,0.0714285714285714,1.0,0.9276070419018873,0.07239295809811275,1
