method,stage,score_abs_diff_mean,score_abs_diff_median,score_abs_diff_p95,score_abs_diff_max,pred_changed_test,changed_max_dist_to_threshold,changed_all_near_threshold,fixed_threshold
ADP-only-DINO,S7,0.027813127636909483,0.01869964599609375,0.09024286866188044,0.12112283706665039,0,0.0,1,1.5724371671676636
AHL-DINO,S7,0.010448510199785233,0.008143037557601929,0.02639048099517821,0.033775269985198975,1,0.0022714734077453613,1,0.4879029095172882
ADP-AHL-bridge-v2,S7,1.0685595516893491,0.7760492375243879,2.9102045665795186,4.135799041386974,1,0.35078845002190295,0,6.105469005655328
ADP-only-DINO,S8,0.027813127636909483,0.01869964599609375,0.09024286866188044,0.12112283706665039,0,0.0,1,1.5724371671676636
AHL-DINO,S8,0.010863336175680161,0.007253080606460571,0.030681240558624253,0.03854864835739136,0,0.0,1,0.4302251636981964
ADP-AHL-bridge-v2,S8,0.9903897199591045,0.5294356669454263,2.94393305075582,3.5791290758761214,0,0.0,1,4.600281320586833
