{
  "stage": "S6",
  "status": "ok",
  "method": "YOLO26s-cls validation-threshold baseline",
  "primary_policy": "val_best_f1",
  "primary": {
    "threshold": 0.6920959949493408,
    "accuracy": 0.8439024390243902,
    "precision": 1.0,
    "recall": 0.68,
    "f1": 0.8095238095238095
  },
  "threshold_results": {
    "val_best_f1": {
      "calibration": {
        "threshold": 0.6920959949493408,
        "accuracy": 0.9838709677419355,
        "precision": 1.0,
        "recall": 0.8947368421052632,
        "f1": 0.9444444444444444,
        "source_precision_recall_curve_f1": 0.9444444444439459
      },
      "test": {
        "threshold": 0.6920959949493408,
        "accuracy": 0.8439024390243902,
        "precision": 1.0,
        "recall": 0.68,
        "f1": 0.8095238095238095
      }
    },
    "val_normal_p95_0": {
      "calibration": {
        "threshold": 0.13580338060855865,
        "accuracy": 0.9354838709677419,
        "precision": 0.7391304347826086,
        "recall": 0.8947368421052632,
        "f1": 0.8095238095238095
      },
      "test": {
        "threshold": 0.13580338060855865,
        "accuracy": 0.8682926829268293,
        "precision": 0.9397590361445783,
        "recall": 0.78,
        "f1": 0.8524590163934427
      }
    },
    "val_normal_p97_5": {
      "calibration": {
        "threshold": 0.18198285102844178,
        "accuracy": 0.9596774193548387,
        "precision": 0.85,
        "recall": 0.8947368421052632,
        "f1": 0.8717948717948718
      },
      "test": {
        "threshold": 0.18198285102844178,
        "accuracy": 0.8634146341463415,
        "precision": 0.95,
        "recall": 0.76,
        "f1": 0.8444444444444444
      }
    },
    "val_normal_p99_0": {
      "calibration": {
        "threshold": 0.2564954221248625,
        "accuracy": 0.967741935483871,
        "precision": 0.8947368421052632,
        "recall": 0.8947368421052632,
        "f1": 0.8947368421052632
      },
      "test": {
        "threshold": 0.2564954221248625,
        "accuracy": 0.8634146341463415,
        "precision": 0.9736842105263158,
        "recall": 0.74,
        "f1": 0.8409090909090909
      }
    },
    "test_best_f1_oracle": {
      "calibration": {},
      "test": {
        "threshold": 0.02365381084382534,
        "accuracy": 0.8536585365853658,
        "precision": 0.8240740740740741,
        "recall": 0.89,
        "f1": 0.8557692307692307,
        "source_precision_recall_curve_f1": 0.8557692307687315
      }
    }
  },
  "auc_roc": 0.9277142857142857,
  "auc_pr": 0.9443680053442032,
  "calibration_auc_roc": 0.931328320802005,
  "calibration_auc_pr": 0.9176986584107325,
  "train_counts": {
    "normal": 490,
    "anomaly": 40
  },
  "calibration_counts": {
    "normal": 105,
    "anomaly": 19
  },
  "test_counts": {
    "normal": 105,
    "anomaly": 100
  },
  "score_rule": "YOLO classification probability for the defect class",
  "defect_class_index": 0,
  "model_names": {
    "0": "defect",
    "1": "good"
  },
  "inference_time_ms": 31.234945102435788,
  "calibration_inference_time_ms": 31.05549093696379,
  "weights": "/ghome/huangjd/code/detected/adpretrain_bridge/output/qm_xiepai_yolo26s_cls_6_1_val_threshold_20260517/stages/S6/ultralytics/train/weights/best.pt",
  "train_save_dir": "/ghome/huangjd/code/detected/adpretrain_bridge/output/qm_xiepai_yolo26s_cls_6_1_val_threshold_20260517/stages/S6/ultralytics/train",
  "score_file": "/ghome/huangjd/code/detected/adpretrain_bridge/output/qm_xiepai_yolo26s_cls_6_1_val_threshold_20260517/stages/S6/metrics/scores.csv"
}
