{
  "stage": "S4",
  "status": "ok",
  "method": "AHL plain no-CHMM + ADPretrain official CLIP-B16 features",
  "primary_policy": "strategy_stage_adaptive",
  "primary": {
    "threshold": 0.24445126950740814,
    "accuracy": 0.4878048780487805,
    "precision": 0.4878048780487805,
    "recall": 1.0,
    "f1": 0.6557377049180327,
    "tp": 100,
    "fp": 105,
    "tn": 0,
    "fn": 0
  },
  "threshold_results": {
    "production_normal_p95_0": {
      "calibration": {
        "threshold": 0.3576915256679058,
        "accuracy": 0.9112903225806451,
        "precision": 0.7,
        "recall": 0.7368421052631579,
        "f1": 0.717948717948718,
        "tp": 14,
        "fp": 6,
        "tn": 99,
        "fn": 5,
        "policy_family": "production_normal_percentile",
        "normal_percentile": 95.0,
        "expected_validation_fpr": 0.05
      },
      "test": {
        "threshold": 0.3576915256679058,
        "accuracy": 0.8585365853658536,
        "precision": 0.9176470588235294,
        "recall": 0.78,
        "f1": 0.8432432432432432,
        "tp": 78,
        "fp": 7,
        "tn": 98,
        "fn": 22
      }
    },
    "val_normal_p95_0": {
      "calibration": {
        "threshold": 0.3576915256679058,
        "accuracy": 0.9112903225806451,
        "precision": 0.7,
        "recall": 0.7368421052631579,
        "f1": 0.717948717948718,
        "tp": 14,
        "fp": 6,
        "tn": 99,
        "fn": 5,
        "policy_family": "production_normal_percentile",
        "normal_percentile": 95.0,
        "expected_validation_fpr": 0.05
      },
      "test": {
        "threshold": 0.3576915256679058,
        "accuracy": 0.8585365853658536,
        "precision": 0.9176470588235294,
        "recall": 0.78,
        "f1": 0.8432432432432432,
        "tp": 78,
        "fp": 7,
        "tn": 98,
        "fn": 22
      }
    },
    "production_normal_p97_5": {
      "calibration": {
        "threshold": 0.38197601754218313,
        "accuracy": 0.9274193548387096,
        "precision": 0.8125,
        "recall": 0.6842105263157895,
        "f1": 0.742857142857143,
        "tp": 13,
        "fp": 3,
        "tn": 102,
        "fn": 6,
        "policy_family": "production_normal_percentile",
        "normal_percentile": 97.5,
        "expected_validation_fpr": 0.025
      },
      "test": {
        "threshold": 0.38197601754218313,
        "accuracy": 0.8292682926829268,
        "precision": 0.9452054794520548,
        "recall": 0.69,
        "f1": 0.7976878612716762,
        "tp": 69,
        "fp": 4,
        "tn": 101,
        "fn": 31
      }
    },
    "val_normal_p97_5": {
      "calibration": {
        "threshold": 0.38197601754218313,
        "accuracy": 0.9274193548387096,
        "precision": 0.8125,
        "recall": 0.6842105263157895,
        "f1": 0.742857142857143,
        "tp": 13,
        "fp": 3,
        "tn": 102,
        "fn": 6,
        "policy_family": "production_normal_percentile",
        "normal_percentile": 97.5,
        "expected_validation_fpr": 0.025
      },
      "test": {
        "threshold": 0.38197601754218313,
        "accuracy": 0.8292682926829268,
        "precision": 0.9452054794520548,
        "recall": 0.69,
        "f1": 0.7976878612716762,
        "tp": 69,
        "fp": 4,
        "tn": 101,
        "fn": 31
      }
    },
    "production_normal_p99_0": {
      "calibration": {
        "threshold": 0.4155379581451415,
        "accuracy": 0.9112903225806451,
        "precision": 0.8333333333333334,
        "recall": 0.5263157894736842,
        "f1": 0.6451612903225806,
        "tp": 10,
        "fp": 2,
        "tn": 103,
        "fn": 9,
        "policy_family": "production_normal_percentile",
        "normal_percentile": 99.0,
        "expected_validation_fpr": 0.01
      },
      "test": {
        "threshold": 0.4155379581451415,
        "accuracy": 0.7951219512195122,
        "precision": 0.967741935483871,
        "recall": 0.6,
        "f1": 0.7407407407407407,
        "tp": 60,
        "fp": 2,
        "tn": 103,
        "fn": 40
      }
    },
    "val_normal_p99_0": {
      "calibration": {
        "threshold": 0.4155379581451415,
        "accuracy": 0.9112903225806451,
        "precision": 0.8333333333333334,
        "recall": 0.5263157894736842,
        "f1": 0.6451612903225806,
        "tp": 10,
        "fp": 2,
        "tn": 103,
        "fn": 9,
        "policy_family": "production_normal_percentile",
        "normal_percentile": 99.0,
        "expected_validation_fpr": 0.01
      },
      "test": {
        "threshold": 0.4155379581451415,
        "accuracy": 0.7951219512195122,
        "precision": 0.967741935483871,
        "recall": 0.6,
        "f1": 0.7407407407407407,
        "tp": 60,
        "fp": 2,
        "tn": 103,
        "fn": 40
      }
    },
    "strategy_recall_first_r95": {
      "calibration": {
        "threshold": 0.24445126950740814,
        "accuracy": 0.1532258064516129,
        "precision": 0.1532258064516129,
        "recall": 1.0,
        "f1": 0.26573426573426573,
        "tp": 19,
        "fp": 105,
        "tn": 0,
        "fn": 0,
        "policy_family": "strategy_recall_first",
        "recall_floor": 0.95,
        "selection_rule": "min_threshold_with_recall_floor"
      },
      "test": {
        "threshold": 0.24445126950740814,
        "accuracy": 0.4878048780487805,
        "precision": 0.4878048780487805,
        "recall": 1.0,
        "f1": 0.6557377049180327,
        "tp": 100,
        "fp": 105,
        "tn": 0,
        "fn": 0
      }
    },
    "strategy_recall_first_r90": {
      "calibration": {
        "threshold": 0.24445126950740814,
        "accuracy": 0.1532258064516129,
        "precision": 0.1532258064516129,
        "recall": 1.0,
        "f1": 0.26573426573426573,
        "tp": 19,
        "fp": 105,
        "tn": 0,
        "fn": 0,
        "policy_family": "strategy_recall_first",
        "recall_floor": 0.9,
        "selection_rule": "min_threshold_with_recall_floor"
      },
      "test": {
        "threshold": 0.24445126950740814,
        "accuracy": 0.4878048780487805,
        "precision": 0.4878048780487805,
        "recall": 1.0,
        "f1": 0.6557377049180327,
        "tp": 100,
        "fp": 105,
        "tn": 0,
        "fn": 0
      }
    },
    "strategy_balanced_f1": {
      "calibration": {
        "threshold": 0.3734264373779297,
        "accuracy": 0.9354838709677419,
        "precision": 0.8235294117647058,
        "recall": 0.7368421052631579,
        "f1": 0.7777777777777778,
        "tp": 14,
        "fp": 3,
        "tn": 102,
        "fn": 5,
        "source_precision_recall_curve_f1": 0.7777777777772793,
        "policy_family": "strategy_balanced",
        "selection_rule": "validation_best_f1"
      },
      "test": {
        "threshold": 0.3734264373779297,
        "accuracy": 0.848780487804878,
        "precision": 0.9367088607594937,
        "recall": 0.74,
        "f1": 0.8268156424581006,
        "tp": 74,
        "fp": 5,
        "tn": 100,
        "fn": 26
      }
    },
    "strategy_stage_adaptive": {
      "calibration": {
        "threshold": 0.24445126950740814,
        "accuracy": 0.1532258064516129,
        "precision": 0.1532258064516129,
        "recall": 1.0,
        "f1": 0.26573426573426573,
        "tp": 19,
        "fp": 105,
        "tn": 0,
        "fn": 0,
        "policy_family": "strategy_stage_adaptive",
        "recall_floor": 0.95,
        "selection_rule": "min_threshold_with_recall_floor",
        "source_policy": "strategy_recall_first_r95",
        "stage": "S4"
      },
      "test": {
        "threshold": 0.24445126950740814,
        "accuracy": 0.4878048780487805,
        "precision": 0.4878048780487805,
        "recall": 1.0,
        "f1": 0.6557377049180327,
        "tp": 100,
        "fp": 105,
        "tn": 0,
        "fn": 0
      }
    },
    "val_best_f1": {
      "calibration": {
        "threshold": 0.3734264373779297,
        "accuracy": 0.9354838709677419,