{
  "stage": "S1",
  "status": "ok",
  "method": "AHL plain no-CHMM + ADPretrain official CLIP-B16 features",
  "primary_policy": "strategy_stage_adaptive",
  "primary": {
    "threshold": 0.011709876358509064,
    "accuracy": 0.4926829268292683,
    "precision": 0.49019607843137253,
    "recall": 1.0,
    "f1": 0.6578947368421052,
    "tp": 100,
    "fp": 104,
    "tn": 1,
    "fn": 0
  },
  "threshold_results": {
    "production_normal_p95_0": {
      "calibration": {
        "threshold": 0.248831695318222,
        "accuracy": 0.9032258064516129,
        "precision": 0.6842105263157895,
        "recall": 0.6842105263157895,
        "f1": 0.6842105263157895,
        "tp": 13,
        "fp": 6,
        "tn": 99,
        "fn": 6,
        "policy_family": "production_normal_percentile",
        "normal_percentile": 95.0,
        "expected_validation_fpr": 0.05
      },
      "test": {
        "threshold": 0.248831695318222,
        "accuracy": 0.8439024390243902,
        "precision": 0.925,
        "recall": 0.74,
        "f1": 0.8222222222222222,
        "tp": 74,
        "fp": 6,
        "tn": 99,
        "fn": 26
      }
    },
    "val_normal_p95_0": {
      "calibration": {
        "threshold": 0.248831695318222,
        "accuracy": 0.9032258064516129,
        "precision": 0.6842105263157895,
        "recall": 0.6842105263157895,
        "f1": 0.6842105263157895,
        "tp": 13,
        "fp": 6,
        "tn": 99,
        "fn": 6,
        "policy_family": "production_normal_percentile",
        "normal_percentile": 95.0,
        "expected_validation_fpr": 0.05
      },
      "test": {
        "threshold": 0.248831695318222,
        "accuracy": 0.8439024390243902,
        "precision": 0.925,
        "recall": 0.74,
        "f1": 0.8222222222222222,
        "tp": 74,
        "fp": 6,
        "tn": 99,
        "fn": 26
      }
    },
    "production_normal_p97_5": {
      "calibration": {
        "threshold": 0.3089983135461805,
        "accuracy": 0.9193548387096774,
        "precision": 0.8,
        "recall": 0.631578947368421,
        "f1": 0.7058823529411765,
        "tp": 12,
        "fp": 3,
        "tn": 102,
        "fn": 7,
        "policy_family": "production_normal_percentile",
        "normal_percentile": 97.5,
        "expected_validation_fpr": 0.025
      },
      "test": {
        "threshold": 0.3089983135461805,
        "accuracy": 0.7902439024390244,
        "precision": 0.9384615384615385,
        "recall": 0.61,
        "f1": 0.7393939393939394,
        "tp": 61,
        "fp": 4,
        "tn": 101,
        "fn": 39
      }
    },
    "val_normal_p97_5": {
      "calibration": {
        "threshold": 0.3089983135461805,
        "accuracy": 0.9193548387096774,
        "precision": 0.8,
        "recall": 0.631578947368421,
        "f1": 0.7058823529411765,
        "tp": 12,
        "fp": 3,
        "tn": 102,
        "fn": 7,
        "policy_family": "production_normal_percentile",
        "normal_percentile": 97.5,
        "expected_validation_fpr": 0.025
      },
      "test": {
        "threshold": 0.3089983135461805,
        "accuracy": 0.7902439024390244,
        "precision": 0.9384615384615385,
        "recall": 0.61,
        "f1": 0.7393939393939394,
        "tp": 61,
        "fp": 4,
        "tn": 101,
        "fn": 39
      }
    },
    "production_normal_p99_0": {
      "calibration": {
        "threshold": 0.3575764912366865,
        "accuracy": 0.9032258064516129,
        "precision": 0.8181818181818182,
        "recall": 0.47368421052631576,
        "f1": 0.6,
        "tp": 9,
        "fp": 2,
        "tn": 103,
        "fn": 10,
        "policy_family": "production_normal_percentile",
        "normal_percentile": 99.0,
        "expected_validation_fpr": 0.01
      },
      "test": {
        "threshold": 0.3575764912366865,
        "accuracy": 0.7609756097560976,
        "precision": 0.9473684210526315,
        "recall": 0.54,
        "f1": 0.6878980891719746,
        "tp": 54,
        "fp": 3,
        "tn": 102,
        "fn": 46
      }
    },
    "val_normal_p99_0": {
      "calibration": {
        "threshold": 0.3575764912366865,
        "accuracy": 0.9032258064516129,
        "precision": 0.8181818181818182,
        "recall": 0.47368421052631576,
        "f1": 0.6,
        "tp": 9,
        "fp": 2,
        "tn": 103,
        "fn": 10,
        "policy_family": "production_normal_percentile",
        "normal_percentile": 99.0,
        "expected_validation_fpr": 0.01
      },
      "test": {
        "threshold": 0.3575764912366865,
        "accuracy": 0.7609756097560976,
        "precision": 0.9473684210526315,
        "recall": 0.54,
        "f1": 0.6878980891719746,
        "tp": 54,
        "fp": 3,
        "tn": 102,
        "fn": 46
      }
    },
    "strategy_recall_first_r95": {
      "calibration": {
        "threshold": 0.011709876358509064,
        "accuracy": 0.1532258064516129,
        "precision": 0.1532258064516129,
        "recall": 1.0,
        "f1": 0.26573426573426573,
        "tp": 19,
        "fp": 105,
        "tn": 0,
        "fn": 0,
        "policy_family": "strategy_recall_first",
        "recall_floor": 0.95,
        "selection_rule": "min_threshold_with_recall_floor"
      },
      "test": {
        "threshold": 0.011709876358509064,
        "accuracy": 0.4926829268292683,
        "precision": 0.49019607843137253,
        "recall": 1.0,
        "f1": 0.6578947368421052,
        "tp": 100,
        "fp": 104,
        "tn": 1,
        "fn": 0
      }
    },
    "strategy_recall_first_r90": {
      "calibration": {
        "threshold": 0.011709876358509064,
        "accuracy": 0.1532258064516129,
        "precision": 0.1532258064516129,
        "recall": 1.0,
        "f1": 0.26573426573426573,
        "tp": 19,
        "fp": 105,
        "tn": 0,
        "fn": 0,
        "policy_family": "strategy_recall_first",
        "recall_floor": 0.9,
        "selection_rule": "min_threshold_with_recall_floor"
      },
      "test": {
        "threshold": 0.011709876358509064,
        "accuracy": 0.4926829268292683,
        "precision": 0.49019607843137253,
        "recall": 1.0,
        "f1": 0.6578947368421052,
        "tp": 100,
        "fp": 104,
        "tn": 1,
        "fn": 0
      }
    },
    "strategy_balanced_f1": {
      "calibration": {
        "threshold": 0.24497704207897186,
        "accuracy": 0.9193548387096774,
        "precision": 0.7142857142857143,
        "recall": 0.7894736842105263,
        "f1": 0.7500000000000001,
        "tp": 15,
        "fp": 6,
        "tn": 99,
        "fn": 4,
        "source_precision_recall_curve_f1": 0.7499999999995013,
        "policy_family": "strategy_balanced",
        "selection_rule": "validation_best_f1"
      },
      "test": {
        "threshold": 0.24497704207897186,
        "accuracy": 0.8439024390243902,
        "precision": 0.9146341463414634,
        "recall": 0.75,
        "f1": 0.8241758241758242,
        "tp": 75,
        "fp": 7,
        "tn": 98,
        "fn": 25
      }
    },
    "strategy_stage_adaptive": {
      "calibration": {
        "threshold": 0.011709876358509064,
        "accuracy": 0.1532258064516129,
        "precision": 0.1532258064516129,
        "recall": 1.0,
        "f1": 0.26573426573426573,
        "tp": 19,
        "fp": 105,
        "tn": 0,
        "fn": 0,
        "policy_family": "strategy_stage_adaptive",
        "recall_floor": 0.95,
        "selection_rule": "min_threshold_with_recall_floor",
        "source_policy": "strategy_recall_first_r95",
        "stage": "S1"
      },
      "test": {
        "threshold": 0.011709876358509064,
        "accuracy": 0.4926829268292683,
        "precision": 0.49019607843137253,
        "recall": 1.0,
        "f1": 0.6578947368421052,
        "tp": 100,
        "fp": 104,
        "tn": 1,
        "fn": 0
      }
    },
    "val_best_f1": {
      "calibration": {
        "threshold": 0.24497704207897186,
        "accuracy": 0.9193548387096774,