{
  "stage": "S2",
  "status": "ok",
  "method": "YOLO26s-cls validation-threshold baseline",
  "primary_policy": "val_best_f1",
  "primary": {
    "threshold": 0.0168306902050972,
    "accuracy": 0.775609756097561,
    "precision": 0.9655172413793104,
    "recall": 0.56,
    "f1": 0.7088607594936709
  },
  "threshold_results": {
    "val_best_f1": {
      "calibration": {
        "threshold": 0.0168306902050972,
        "accuracy": 0.9596774193548387,
        "precision": 0.8888888888888888,
        "recall": 0.8421052631578947,
        "f1": 0.8648648648648649,
        "source_precision_recall_curve_f1": 0.8648648648643652
      },
      "test": {
        "threshold": 0.0168306902050972,
        "accuracy": 0.775609756097561,
        "precision": 0.9655172413793104,
        "recall": 0.56,
        "f1": 0.7088607594936709
      }
    },
    "val_normal_p95_0": {
      "calibration": {
        "threshold": 0.003548247832804918,
        "accuracy": 0.9354838709677419,
        "precision": 0.7391304347826086,
        "recall": 0.8947368421052632,
        "f1": 0.8095238095238095
      },
      "test": {
        "threshold": 0.003548247832804918,
        "accuracy": 0.8341463414634146,
        "precision": 0.9459459459459459,
        "recall": 0.7,
        "f1": 0.8045977011494254
      }
    },
    "val_normal_p97_5": {
      "calibration": {
        "threshold": 0.004879139363765716,
        "accuracy": 0.9516129032258065,
        "precision": 0.8421052631578947,
        "recall": 0.8421052631578947,
        "f1": 0.8421052631578947
      },
      "test": {
        "threshold": 0.004879139363765716,
        "accuracy": 0.8097560975609757,
        "precision": 0.9692307692307692,
        "recall": 0.63,
        "f1": 0.7636363636363637
      }
    },
    "val_normal_p99_0": {
      "calibration": {
        "threshold": 0.016989153139293115,
        "accuracy": 0.9516129032258065,
        "precision": 0.8823529411764706,
        "recall": 0.7894736842105263,
        "f1": 0.8333333333333333
      },
      "test": {
        "threshold": 0.016989153139293115,
        "accuracy": 0.775609756097561,
        "precision": 0.9655172413793104,
        "recall": 0.56,
        "f1": 0.7088607594936709
      }
    },
    "test_best_f1_oracle": {
      "calibration": {},
      "test": {
        "threshold": 0.0011725760996341705,
        "accuracy": 0.8780487804878049,
        "precision": 0.8947368421052632,
        "recall": 0.85,
        "f1": 0.8717948717948718,
        "source_precision_recall_curve_f1": 0.8717948717943721
      }
    }
  },
  "auc_roc": 0.9348571428571428,
  "auc_pr": 0.9431509514360386,
  "calibration_auc_roc": 0.9518796992481202,
  "calibration_auc_pr": 0.8997478893888347,
  "train_counts": {
    "normal": 150,
    "anomaly": 3
  },
  "calibration_counts": {
    "normal": 105,
    "anomaly": 19
  },
  "test_counts": {
    "normal": 105,
    "anomaly": 100
  },
  "score_rule": "YOLO classification probability for the defect class",
  "defect_class_index": 0,
  "model_names": {
    "0": "defect",
    "1": "good"
  },
  "inference_time_ms": 40.37891860778739,
  "calibration_inference_time_ms": 38.94933183947879,
  "weights": "/ghome/huangjd/code/detected/adpretrain_bridge/output/qm_xiepai_yolo26s_cls_6_1_val_threshold_20260517/stages/S2/ultralytics/train/weights/best.pt",
  "train_save_dir": "/ghome/huangjd/code/detected/adpretrain_bridge/output/qm_xiepai_yolo26s_cls_6_1_val_threshold_20260517/stages/S2/ultralytics/train",
  "score_file": "/ghome/huangjd/code/detected/adpretrain_bridge/output/qm_xiepai_yolo26s_cls_6_1_val_threshold_20260517/stages/S2/metrics/scores.csv"
}
