{
  "stage": "S8",
  "status": "ok",
  "primary_policy": "calib_best_f1",
  "primary": {
    "threshold": 1.53688233421249,
    "accuracy": 0.83,
    "precision": 0.7166666666666667,
    "recall": 0.7166666666666667,
    "f1": 0.7166666666666667
  },
  "auc_roc": 0.8772619047619048,
  "auc_pr": 0.7751383517166376,
  "test_counts": {
    "normal": 140,
    "anomaly": 60
  },
  "calibration_counts": {
    "normal": 112,
    "anomaly": 28
  },
  "threshold_definitions": {
    "normal_p95_0": {
      "source": "calibration_normal_percentile",
      "percentile": 95.0,
      "calibration_metrics": null,
      "threshold": 1.5721963144838809
    },
    "normal_p97_5": {
      "source": "calibration_normal_percentile",
      "percentile": 97.5,
      "calibration_metrics": null,
      "threshold": 1.6807695047929883
    },
    "normal_p99_0": {
      "source": "calibration_normal_percentile",
      "percentile": 99.0,
      "calibration_metrics": null,
      "threshold": 1.7048095951229334
    },
    "calib_best_f1": {
      "source": "calibration_best_search",
      "calibration_metrics": {
        "threshold": 1.53688233421249,
        "accuracy": 0.9071428571428571,
        "precision": 0.7586206896551724,
        "recall": 0.7857142857142857,
        "f1": 0.7719298245614034
      },
      "threshold": 1.53688233421249
    },
    "calib_recall_priority": {
      "source": "calibration_best_search",
      "calibration_metrics": {
        "threshold": 1.1786692448059997,
        "accuracy": 0.2642857142857143,
        "precision": 0.21374045801526717,
        "recall": 1.0,
        "f1": 0.35220125786163525
      },
      "threshold": 1.1786692448059997
    },
    "calib_precision_priority": {
      "source": "calibration_best_search",
      "calibration_metrics": {
        "threshold": 1.9506444782018661,
        "accuracy": 0.8857142857142857,
        "precision": 1.0,
        "recall": 0.42857142857142855,
        "f1": 0.6
      },
      "threshold": 1.9506444782018661
    }
  },
  "threshold_results": {
    "normal_p95_0": {
      "threshold": 1.5721963144838809,
      "accuracy": 0.85,
      "precision": 0.7678571428571429,
      "recall": 0.7166666666666667,
      "f1": 0.7413793103448276
    },
    "normal_p97_5": {
      "threshold": 1.6807695047929883,
      "accuracy": 0.835,
      "precision": 0.813953488372093,
      "recall": 0.5833333333333334,
      "f1": 0.6796116504854369
    },
    "normal_p99_0": {
      "threshold": 1.7048095951229334,
      "accuracy": 0.84,
      "precision": 0.8333333333333334,
      "recall": 0.5833333333333334,
      "f1": 0.6862745098039216
    },
    "calib_best_f1": {
      "threshold": 1.53688233421249,
      "accuracy": 0.83,
      "precision": 0.7166666666666667,
      "recall": 0.7166666666666667,
      "f1": 0.7166666666666667
    },
    "calib_recall_priority": {
      "threshold": 1.1786692448059997,
      "accuracy": 0.35,
      "precision": 0.3157894736842105,
      "recall": 1.0,
      "f1": 0.4799999999999999
    },
    "calib_precision_priority": {
      "threshold": 1.9506444782018661,
      "accuracy": 0.785,
      "precision": 0.9473684210526315,
      "recall": 0.3,
      "f1": 0.4556962025316456
    }
  },
  "inference_time_ms": 5.8066970606644945,
  "inference_time_note": "feature-level AHL forward time; excludes CLIP extraction, CHMM affine, and disk I/O",
  "score_file": "/ghome/huangjd/code/detected/adpretrain_bridge/output/qm_xiepai_fewshot_clip_b16_chmm_20260511/stages/S8/metrics/scores.csv",
  "result_file": "/ghome/huangjd/code/detected/adpretrain_bridge/output/qm_xiepai_fewshot_clip_b16_chmm_20260511/stages/S8/ahl/result.txt",
  "ahl_subdir": "ahl",
  "manifest_file": "/ghome/huangjd/code/detected/adpretrain_bridge/output/qm_xiepai_fewshot_clip_b16_chmm_20260511/config/S8_stage_manifest.json"
}
