{
  "stage": "S5",
  "status": "ok",
  "method": "YOLO26s-cls validation-threshold baseline",
  "primary_policy": "val_best_f1",
  "primary": {
    "threshold": 0.7029404044151306,
    "accuracy": 0.8146341463414634,
    "precision": 1.0,
    "recall": 0.62,
    "f1": 0.7654320987654321
  },
  "threshold_results": {
    "val_best_f1": {
      "calibration": {
        "threshold": 0.7029404044151306,
        "accuracy": 0.9758064516129032,
        "precision": 1.0,
        "recall": 0.8421052631578947,
        "f1": 0.9142857142857143,
        "source_precision_recall_curve_f1": 0.9142857142852179
      },
      "test": {
        "threshold": 0.7029404044151306,
        "accuracy": 0.8146341463414634,
        "precision": 1.0,
        "recall": 0.62,
        "f1": 0.7654320987654321
      }
    },
    "val_normal_p95_0": {
      "calibration": {
        "threshold": 0.12127287983894344,
        "accuracy": 0.9354838709677419,
        "precision": 0.7391304347826086,
        "recall": 0.8947368421052632,
        "f1": 0.8095238095238095
      },
      "test": {
        "threshold": 0.12127287983894344,
        "accuracy": 0.8634146341463415,
        "precision": 0.95,
        "recall": 0.76,
        "f1": 0.8444444444444444
      }
    },
    "val_normal_p97_5": {
      "calibration": {
        "threshold": 0.2040226191282259,
        "accuracy": 0.9596774193548387,
        "precision": 0.85,
        "recall": 0.8947368421052632,
        "f1": 0.8717948717948718
      },
      "test": {
        "threshold": 0.2040226191282259,
        "accuracy": 0.8585365853658536,
        "precision": 0.961038961038961,
        "recall": 0.74,
        "f1": 0.8361581920903954
      }
    },
    "val_normal_p99_0": {
      "calibration": {
        "threshold": 0.3420501482486722,
        "accuracy": 0.9596774193548387,
        "precision": 0.8888888888888888,
        "recall": 0.8421052631578947,
        "f1": 0.8648648648648649
      },
      "test": {
        "threshold": 0.3420501482486722,
        "accuracy": 0.8536585365853658,
        "precision": 0.9861111111111112,
        "recall": 0.71,
        "f1": 0.8255813953488371
      }
    },
    "test_best_f1_oracle": {
      "calibration": {},
      "test": {
        "threshold": 0.01812630705535412,
        "accuracy": 0.8634146341463415,
        "precision": 0.875,
        "recall": 0.84,
        "f1": 0.8571428571428572,
        "source_precision_recall_curve_f1": 0.8571428571423574
      }
    }
  },
  "auc_roc": 0.9326666666666666,
  "auc_pr": 0.9460497524704287,
  "calibration_auc_roc": 0.9899749373433584,
  "calibration_auc_pr": 0.959998680912808,
  "train_counts": {
    "normal": 400,
    "anomaly": 20
  },
  "calibration_counts": {
    "normal": 105,
    "anomaly": 19
  },
  "test_counts": {
    "normal": 105,
    "anomaly": 100
  },
  "score_rule": "YOLO classification probability for the defect class",
  "defect_class_index": 0,
  "model_names": {
    "0": "defect",
    "1": "good"
  },
  "inference_time_ms": 30.123378354601744,
  "calibration_inference_time_ms": 34.989422878190396,
  "weights": "/ghome/huangjd/code/detected/adpretrain_bridge/output/qm_xiepai_yolo26s_cls_6_1_val_threshold_20260517/stages/S5/ultralytics/train/weights/best.pt",
  "train_save_dir": "/ghome/huangjd/code/detected/adpretrain_bridge/output/qm_xiepai_yolo26s_cls_6_1_val_threshold_20260517/stages/S5/ultralytics/train",
  "score_file": "/ghome/huangjd/code/detected/adpretrain_bridge/output/qm_xiepai_yolo26s_cls_6_1_val_threshold_20260517/stages/S5/metrics/scores.csv"
}
