{
  "stage": "S3",
  "status": "ok",
  "method": "YOLO26s-cls validation-threshold baseline",
  "primary_policy": "val_best_f1",
  "primary": {
    "threshold": 0.2823914885520935,
    "accuracy": 0.7658536585365854,
    "precision": 1.0,
    "recall": 0.52,
    "f1": 0.6842105263157895
  },
  "threshold_results": {
    "val_best_f1": {
      "calibration": {
        "threshold": 0.2823914885520935,
        "accuracy": 0.967741935483871,
        "precision": 0.9411764705882353,
        "recall": 0.8421052631578947,
        "f1": 0.8888888888888888,
        "source_precision_recall_curve_f1": 0.8888888888883903
      },
      "test": {
        "threshold": 0.2823914885520935,
        "accuracy": 0.7658536585365854,
        "precision": 1.0,
        "recall": 0.52,
        "f1": 0.6842105263157895
      }
    },
    "val_normal_p95_0": {
      "calibration": {
        "threshold": 0.03792086318135259,
        "accuracy": 0.9354838709677419,
        "precision": 0.7391304347826086,
        "recall": 0.8947368421052632,
        "f1": 0.8095238095238095
      },
      "test": {
        "threshold": 0.03792086318135259,
        "accuracy": 0.8195121951219512,
        "precision": 0.8987341772151899,
        "recall": 0.71,
        "f1": 0.7932960893854749
      }
    },
    "val_normal_p97_5": {
      "calibration": {
        "threshold": 0.07487943321466432,
        "accuracy": 0.9516129032258065,
        "precision": 0.8421052631578947,
        "recall": 0.8421052631578947,
        "f1": 0.8421052631578947
      },
      "test": {
        "threshold": 0.07487943321466432,
        "accuracy": 0.824390243902439,
        "precision": 0.9444444444444444,
        "recall": 0.68,
        "f1": 0.7906976744186047
      }
    },
    "val_normal_p99_0": {
      "calibration": {
        "threshold": 0.16701358199119515,
        "accuracy": 0.9596774193548387,
        "precision": 0.8888888888888888,
        "recall": 0.8421052631578947,
        "f1": 0.8648648648648649
      },
      "test": {
        "threshold": 0.16701358199119515,
        "accuracy": 0.7902439024390244,
        "precision": 0.9830508474576272,
        "recall": 0.58,
        "f1": 0.7295597484276729
      }
    },
    "test_best_f1_oracle": {
      "calibration": {},
      "test": {
        "threshold": 0.01454777643084526,
        "accuracy": 0.8634146341463415,
        "precision": 0.875,
        "recall": 0.84,
        "f1": 0.8571428571428572,
        "source_precision_recall_curve_f1": 0.8571428571423574
      }
    }
  },
  "auc_roc": 0.9168571428571428,
  "auc_pr": 0.9289167009628547,
  "calibration_auc_roc": 0.9824561403508772,
  "calibration_auc_pr": 0.912729022012944,
  "train_counts": {
    "normal": 200,
    "anomaly": 5
  },
  "calibration_counts": {
    "normal": 105,
    "anomaly": 19
  },
  "test_counts": {
    "normal": 105,
    "anomaly": 100
  },
  "score_rule": "YOLO classification probability for the defect class",
  "defect_class_index": 0,
  "model_names": {
    "0": "defect",
    "1": "good"
  },
  "inference_time_ms": 43.790218288578636,
  "calibration_inference_time_ms": 39.84962665145436,
  "weights": "/ghome/huangjd/code/detected/adpretrain_bridge/output/qm_xiepai_yolo26s_cls_6_1_val_threshold_20260517/stages/S3/ultralytics/train/weights/best.pt",
  "train_save_dir": "/ghome/huangjd/code/detected/adpretrain_bridge/output/qm_xiepai_yolo26s_cls_6_1_val_threshold_20260517/stages/S3/ultralytics/train",
  "score_file": "/ghome/huangjd/code/detected/adpretrain_bridge/output/qm_xiepai_yolo26s_cls_6_1_val_threshold_20260517/stages/S3/metrics/scores.csv"
}
