{
  "stage": "S6",
  "status": "ok",
  "method": "AHL plain no-CHMM + ADPretrain official CLIP-B16 features",
  "primary_policy": "strategy_stage_adaptive",
  "primary": {
    "threshold": 0.23933885991573334,
    "accuracy": 0.4926829268292683,
    "precision": 0.49019607843137253,
    "recall": 1.0,
    "f1": 0.6578947368421052,
    "tp": 100,
    "fp": 104,
    "tn": 1,
    "fn": 0
  },
  "threshold_results": {
    "production_normal_p95_0": {
      "calibration": {
        "threshold": 0.35471650026738644,
        "accuracy": 0.9112903225806451,
        "precision": 0.7,
        "recall": 0.7368421052631579,
        "f1": 0.717948717948718,
        "tp": 14,
        "fp": 6,
        "tn": 99,
        "fn": 5,
        "policy_family": "production_normal_percentile",
        "normal_percentile": 95.0,
        "expected_validation_fpr": 0.05
      },
      "test": {
        "threshold": 0.35471650026738644,
        "accuracy": 0.8731707317073171,
        "precision": 0.9111111111111111,
        "recall": 0.82,
        "f1": 0.8631578947368421,
        "tp": 82,
        "fp": 8,
        "tn": 97,
        "fn": 18
      }
    },
    "val_normal_p95_0": {
      "calibration": {
        "threshold": 0.35471650026738644,
        "accuracy": 0.9112903225806451,
        "precision": 0.7,
        "recall": 0.7368421052631579,
        "f1": 0.717948717948718,
        "tp": 14,
        "fp": 6,
        "tn": 99,
        "fn": 5,
        "policy_family": "production_normal_percentile",
        "normal_percentile": 95.0,
        "expected_validation_fpr": 0.05
      },
      "test": {
        "threshold": 0.35471650026738644,
        "accuracy": 0.8731707317073171,
        "precision": 0.9111111111111111,
        "recall": 0.82,
        "f1": 0.8631578947368421,
        "tp": 82,
        "fp": 8,
        "tn": 97,
        "fn": 18
      }
    },
    "production_normal_p97_5": {
      "calibration": {
        "threshold": 0.3777599841356277,
        "accuracy": 0.9274193548387096,
        "precision": 0.8125,
        "recall": 0.6842105263157895,
        "f1": 0.742857142857143,
        "tp": 13,
        "fp": 3,
        "tn": 102,
        "fn": 6,
        "policy_family": "production_normal_percentile",
        "normal_percentile": 97.5,
        "expected_validation_fpr": 0.025
      },
      "test": {
        "threshold": 0.3777599841356277,
        "accuracy": 0.848780487804878,
        "precision": 0.9259259259259259,
        "recall": 0.75,
        "f1": 0.8287292817679557,
        "tp": 75,
        "fp": 6,
        "tn": 99,
        "fn": 25
      }
    },
    "val_normal_p97_5": {
      "calibration": {
        "threshold": 0.3777599841356277,
        "accuracy": 0.9274193548387096,
        "precision": 0.8125,
        "recall": 0.6842105263157895,
        "f1": 0.742857142857143,
        "tp": 13,
        "fp": 3,
        "tn": 102,
        "fn": 6,
        "policy_family": "production_normal_percentile",
        "normal_percentile": 97.5,
        "expected_validation_fpr": 0.025
      },
      "test": {
        "threshold": 0.3777599841356277,
        "accuracy": 0.848780487804878,
        "precision": 0.9259259259259259,
        "recall": 0.75,
        "f1": 0.8287292817679557,
        "tp": 75,
        "fp": 6,
        "tn": 99,
        "fn": 25
      }
    },
    "production_normal_p99_0": {
      "calibration": {
        "threshold": 0.4134310622513292,
        "accuracy": 0.9193548387096774,
        "precision": 0.8461538461538461,
        "recall": 0.5789473684210527,
        "f1": 0.6875,
        "tp": 11,
        "fp": 2,
        "tn": 103,
        "fn": 8,
        "policy_family": "production_normal_percentile",
        "normal_percentile": 99.0,
        "expected_validation_fpr": 0.01
      },
      "test": {
        "threshold": 0.4134310622513292,
        "accuracy": 0.8097560975609757,
        "precision": 0.9552238805970149,
        "recall": 0.64,
        "f1": 0.7664670658682635,
        "tp": 64,
        "fp": 3,
        "tn": 102,
        "fn": 36
      }
    },
    "val_normal_p99_0": {
      "calibration": {
        "threshold": 0.4134310622513292,
        "accuracy": 0.9193548387096774,
        "precision": 0.8461538461538461,
        "recall": 0.5789473684210527,
        "f1": 0.6875,
        "tp": 11,
        "fp": 2,
        "tn": 103,
        "fn": 8,
        "policy_family": "production_normal_percentile",
        "normal_percentile": 99.0,
        "expected_validation_fpr": 0.01
      },
      "test": {
        "threshold": 0.4134310622513292,
        "accuracy": 0.8097560975609757,
        "precision": 0.9552238805970149,
        "recall": 0.64,
        "f1": 0.7664670658682635,
        "tp": 64,
        "fp": 3,
        "tn": 102,
        "fn": 36
      }
    },
    "strategy_recall_first_r95": {
      "calibration": {
        "threshold": 0.23933885991573334,
        "accuracy": 0.1532258064516129,
        "precision": 0.1532258064516129,
        "recall": 1.0,
        "f1": 0.26573426573426573,
        "tp": 19,
        "fp": 105,
        "tn": 0,
        "fn": 0,
        "policy_family": "strategy_recall_first",
        "recall_floor": 0.95,
        "selection_rule": "min_threshold_with_recall_floor"
      },
      "test": {
        "threshold": 0.23933885991573334,
        "accuracy": 0.4926829268292683,
        "precision": 0.49019607843137253,
        "recall": 1.0,
        "f1": 0.6578947368421052,
        "tp": 100,
        "fp": 104,
        "tn": 1,
        "fn": 0
      }
    },
    "strategy_recall_first_r90": {
      "calibration": {
        "threshold": 0.23933885991573334,
        "accuracy": 0.1532258064516129,
        "precision": 0.1532258064516129,
        "recall": 1.0,
        "f1": 0.26573426573426573,
        "tp": 19,
        "fp": 105,
        "tn": 0,
        "fn": 0,
        "policy_family": "strategy_recall_first",
        "recall_floor": 0.9,
        "selection_rule": "min_threshold_with_recall_floor"
      },
      "test": {
        "threshold": 0.23933885991573334,
        "accuracy": 0.4926829268292683,
        "precision": 0.49019607843137253,
        "recall": 1.0,
        "f1": 0.6578947368421052,
        "tp": 100,
        "fp": 104,
        "tn": 1,
        "fn": 0
      }
    },
    "strategy_balanced_f1": {
      "calibration": {
        "threshold": 0.4049843717366457,
        "accuracy": 0.9354838709677419,
        "precision": 0.8666666666666667,
        "recall": 0.6842105263157895,
        "f1": 0.7647058823529413,
        "tp": 13,
        "fp": 2,
        "tn": 103,
        "fn": 6,
        "source_precision_recall_curve_f1": 0.7647058823524482,
        "policy_family": "strategy_balanced",
        "selection_rule": "validation_best_f1"
      },
      "test": {
        "threshold": 0.4049843717366457,
        "accuracy": 0.8146341463414634,
        "precision": 0.9558823529411765,
        "recall": 0.65,
        "f1": 0.7738095238095238,
        "tp": 65,
        "fp": 3,
        "tn": 102,
        "fn": 35
      }
    },
    "strategy_stage_adaptive": {
      "calibration": {
        "threshold": 0.23933885991573334,
        "accuracy": 0.1532258064516129,
        "precision": 0.1532258064516129,
        "recall": 1.0,
        "f1": 0.26573426573426573,
        "tp": 19,
        "fp": 105,
        "tn": 0,
        "fn": 0,
        "policy_family": "strategy_stage_adaptive",
        "recall_floor": 0.9,
        "selection_rule": "min_threshold_with_recall_floor",
        "source_policy": "strategy_recall_first_r90",
        "stage": "S6"
      },
      "test": {
        "threshold": 0.23933885991573334,
        "accuracy": 0.4926829268292683,
        "precision": 0.49019607843137253,
        "recall": 1.0,
        "f1": 0.6578947368421052,
        "tp": 100,
        "fp": 104,
        "tn": 1,
        "fn": 0
      }
    },
    "val_best_f1": {
      "calibration": {
        "threshold": 0.4049843717366457,
        "accuracy": 0.9354838709677419,